{"lr": 0.0009909819639278557, "data_time": 0.008947348594665528, "loss": 2.717057225704193, "loss_cls": 0.9701180183887481, "loss_bbox": 1.1048073041439057, "loss_centerness": 0.6421319127082825, "time": 0.1461651086807251, "epoch": 1, "iter": 50, "memory": 2462, "step": 50}
{"lr": 0.0019919839679358718, "data_time": 0.005510053634643555, "loss": 2.708180341720581, "loss_cls": 0.8708048701286316, "loss_bbox": 1.2005114567279815, "loss_centerness": 0.6368640232086181, "time": 0.10356850147247315, "epoch": 1, "iter": 100, "memory": 2462, "step": 100}
{"lr": 0.002992985971943887, "data_time": 0.005543603897094727, "loss": 2.5352734375, "loss_cls": 0.7795747578144073, "loss_bbox": 1.121428610086441, "loss_centerness": 0.6342700409889221, "time": 0.10118954181671143, "epoch": 1, "iter": 150, "memory": 2462, "step": 150}
{"lr": 0.003993987975951902, "data_time": 0.005528769493103027, "loss": 2.552427763938904, "loss_cls": 0.814795503616333, "loss_bbox": 1.1061159431934358, "loss_centerness": 0.6315163433551788, "time": 0.0996991205215454, "epoch": 1, "iter": 200, "memory": 2462, "step": 200}
{"lr": 0.004994989979959916, "data_time": 0.0061739015579223636, "loss": 2.6447591400146484, "loss_cls": 0.860655180811882, "loss_bbox": 1.1440855598449706, "loss_centerness": 0.6400184082984924, "time": 0.10752023696899414, "epoch": 1, "iter": 250, "memory": 2462, "step": 250}
{"lr": 0.0059959919839679245, "data_time": 0.00561826229095459, "loss": 2.6117568039894103, "loss_cls": 0.8720878827571868, "loss_bbox": 1.1127979922294617, "loss_centerness": 0.6268709087371827, "time": 0.10947912693023681, "epoch": 1, "iter": 300, "memory": 2462, "step": 300}
{"lr": 0.00699699398797594, "data_time": 0.005233674049377441, "loss": 2.580288915634155, "loss_cls": 0.8384500539302826, "loss_bbox": 1.1111353206634522, "loss_centerness": 0.6307035326957703, "time": 0.10561581611633301, "epoch": 1, "iter": 350, "memory": 2462, "step": 350}
{"lr": 0.007997995991983954, "data_time": 0.005040369033813477, "loss": 2.5420817232131956, "loss_cls": 0.7895863318443298, "loss_bbox": 1.1223622131347657, "loss_centerness": 0.6301331758499146, "time": 0.10379091262817383, "epoch": 1, "iter": 400, "memory": 2462, "step": 400}
{"lr": 0.00899899799599197, "data_time": 0.0054604244232177735, "loss": 2.683079481124878, "loss_cls": 0.8260642611980438, "loss_bbox": 1.215029661655426, "loss_centerness": 0.6419855606555939, "time": 0.10819899559020996, "epoch": 1, "iter": 450, "memory": 2462, "step": 450}
{"lr": 0.009999999999999976, "data_time": 0.00489466667175293, "loss": 2.508771517276764, "loss_cls": 0.779115052819252, "loss_bbox": 1.0974788117408751, "loss_centerness": 0.6321776580810546, "time": 0.10623081207275391, "epoch": 1, "iter": 500, "memory": 2462, "step": 500}
{"lr": 0.009999999999999976, "data_time": 0.005030455589294433, "loss": 2.400097713470459, "loss_cls": 0.7011102664470673, "loss_bbox": 1.0667412292957306, "loss_centerness": 0.6322461843490601, "time": 0.10635822772979736, "epoch": 1, "iter": 550, "memory": 2462, "step": 550}
{"lr": 0.009999999999999976, "data_time": 0.004981837272644043, "loss": 2.5109118723869326, "loss_cls": 0.7757760620117188, "loss_bbox": 1.1080003416538238, "loss_centerness": 0.6271354794502259, "time": 0.10618510246276855, "epoch": 1, "iter": 600, "memory": 2462, "step": 600}
{"lr": 0.009999999999999976, "data_time": 0.004920072555541992, "loss": 2.6662379264831544, "loss_cls": 0.892305166721344, "loss_bbox": 1.1452742433547973, "loss_centerness": 0.6286585032939911, "time": 0.10605538845062255, "epoch": 1, "iter": 650, "memory": 2462, "step": 650}
{"lr": 0.009999999999999976, "data_time": 0.005060210227966309, "loss": 2.4732122945785524, "loss_cls": 0.7166155576705933, "loss_bbox": 1.1266682791709899, "loss_centerness": 0.6299284672737122, "time": 0.10616116523742676, "epoch": 1, "iter": 700, "memory": 2462, "step": 700}
{"lr": 0.009999999999999976, "data_time": 0.0048082971572875974, "loss": 2.4180560302734375, "loss_cls": 0.6509251493215561, "loss_bbox": 1.1408700633049011, "loss_centerness": 0.6262608170509338, "time": 0.10620723247528076, "epoch": 1, "iter": 750, "memory": 2462, "step": 750}
{"lr": 0.009999999999999976, "data_time": 0.004757866859436035, "loss": 2.2797478675842284, "loss_cls": 0.6271617305278778, "loss_bbox": 1.0277224826812743, "loss_centerness": 0.6248636603355407, "time": 0.10607343673706054, "epoch": 1, "iter": 800, "memory": 2462, "step": 800}
{"lr": 0.009999999999999976, "data_time": 0.0046461915969848635, "loss": 2.398775246143341, "loss_cls": 0.6444395965337754, "loss_bbox": 1.1282955920696258, "loss_centerness": 0.6260400629043579, "time": 0.10026041507720947, "epoch": 1, "iter": 850, "memory": 2462, "step": 850}
{"lr": 0.009999999999999976, "data_time": 0.004720649719238281, "loss": 2.425508527755737, "loss_cls": 0.6317687541246414, "loss_bbox": 1.1660193717479705, "loss_centerness": 0.6277203643321991, "time": 0.10553684711456299, "epoch": 1, "iter": 900, "memory": 2462, "step": 900}
{"lr": 0.009999999999999976, "data_time": 0.004729962348937989, "loss": 2.332372336387634, "loss_cls": 0.5899362647533417, "loss_bbox": 1.1210708022117615, "loss_centerness": 0.6213652729988098, "time": 0.10667268276214599, "epoch": 1, "iter": 950, "memory": 2462, "step": 950}
{"lr": 0.009999999999999976, "data_time": 0.004783282279968262, "loss": 2.4218075275421143, "loss_cls": 0.6045774072408676, "loss_bbox": 1.1897105467319489, "loss_centerness": 0.6275195682048798, "time": 0.10792026042938233, "epoch": 1, "iter": 1000, "memory": 2462, "step": 1000}
{"lr": 0.009999999999999976, "data_time": 0.004741134643554687, "loss": 2.379320058822632, "loss_cls": 0.6511897200345993, "loss_bbox": 1.1012952256202697, "loss_centerness": 0.6268351125717163, "time": 0.10519845008850098, "epoch": 1, "iter": 1050, "memory": 2462, "step": 1050}
{"lr": 0.009999999999999976, "data_time": 0.004825868606567383, "loss": 2.4173388409614565, "loss_cls": 0.6884004533290863, "loss_bbox": 1.0972606718540192, "loss_centerness": 0.6316777336597442, "time": 0.1063151454925537, "epoch": 1, "iter": 1100, "memory": 2462, "step": 1100}
{"lr": 0.009999999999999976, "data_time": 0.004953651428222656, "loss": 2.3044894456863405, "loss_cls": 0.5858918422460556, "loss_bbox": 1.0918425083160401, "loss_centerness": 0.6267551100254058, "time": 0.10764501571655273, "epoch": 1, "iter": 1150, "memory": 2462, "step": 1150}
{"lr": 0.009999999999999976, "data_time": 0.0049686431884765625, "loss": 2.271541018486023, "loss_cls": 0.5642412400245667, "loss_bbox": 1.0797403705120088, "loss_centerness": 0.6275594079494476, "time": 0.10888903617858886, "epoch": 1, "iter": 1200, "memory": 2462, "step": 1200}
{"lr": 0.009999999999999976, "data_time": 0.004873132705688477, "loss": 2.2713813900947573, "loss_cls": 0.5718037164211274, "loss_bbox": 1.0820882368087767, "loss_centerness": 0.61748943567276, "time": 0.10739437580108642, "epoch": 1, "iter": 1250, "memory": 2462, "step": 1250}
{"lr": 0.009999999999999976, "data_time": 0.0048337125778198245, "loss": 2.2981109642982482, "loss_cls": 0.5732679867744446, "loss_bbox": 1.0950848352909088, "loss_centerness": 0.629758142232895, "time": 0.10751462936401367, "epoch": 1, "iter": 1300, "memory": 2462, "step": 1300}
{"lr": 0.009999999999999976, "data_time": 0.004673924446105957, "loss": 2.3559020280838014, "loss_cls": 0.6602537161111832, "loss_bbox": 1.070703879594803, "loss_centerness": 0.6249444317817688, "time": 0.1045798921585083, "epoch": 1, "iter": 1350, "memory": 2462, "step": 1350}
{"lr": 0.009999999999999976, "data_time": 0.00464052677154541, "loss": 2.2010728549957275, "loss_cls": 0.5621317553520203, "loss_bbox": 1.0179938519001006, "loss_centerness": 0.620947253704071, "time": 0.09849011898040771, "epoch": 1, "iter": 1400, "memory": 2462, "step": 1400}
{"lr": 0.009999999999999976, "data_time": 0.004596338272094726, "loss": 2.254754116535187, "loss_cls": 0.6096554034948349, "loss_bbox": 1.0162641036510467, "loss_centerness": 0.6288346230983735,