{"lr": 0.0009909819639278557, "data_time": 0.00897653102874756, "loss": 2.879293670654297, "loss_cls": 1.0689311158657073, "loss_bbox": 1.157455450296402, "loss_centerness": 0.6529070770740509, "time": 0.15304960250854494, "epoch": 1, "iter": 50, "memory": 2462, "step": 50}
{"lr": 0.0019919839679358718, "data_time": 0.005455079078674316, "loss": 2.6974160289764404, "loss_cls": 0.9034875106811523, "loss_bbox": 1.1602010202407838, "loss_centerness": 0.6337275004386902, "time": 0.11314206600189208, "epoch": 1, "iter": 100, "memory": 2462, "step": 100}
{"lr": 0.002992985971943887, "data_time": 0.005089559555053711, "loss": 2.594064612388611, "loss_cls": 0.8438334250450135, "loss_bbox": 1.11782381772995, "loss_centerness": 0.6324073672294617, "time": 0.1098206901550293, "epoch": 1, "iter": 150, "memory": 2462, "step": 150}
{"lr": 0.003993987975951902, "data_time": 0.004631986618041992, "loss": 2.5324912548065184, "loss_cls": 0.7912581622600555, "loss_bbox": 1.105837757587433, "loss_centerness": 0.6353953230381012, "time": 0.09866526126861572, "epoch": 1, "iter": 200, "memory": 2462, "step": 200}
{"lr": 0.004994989979959916, "data_time": 0.005151815414428711, "loss": 2.5598171377182006, "loss_cls": 0.7938143408298493, "loss_bbox": 1.1351666641235352, "loss_centerness": 0.6308361542224884, "time": 0.10274416446685791, "epoch": 1, "iter": 250, "memory": 2462, "step": 250}
{"lr": 0.0059959919839679245, "data_time": 0.006057453155517578, "loss": 2.6083444118499757, "loss_cls": 0.8733254802227021, "loss_bbox": 1.0997700536251067, "loss_centerness": 0.6352488684654236, "time": 0.11284714221954345, "epoch": 1, "iter": 300, "memory": 2462, "step": 300}
{"lr": 0.00699699398797594, "data_time": 0.005601592063903808, "loss": 14.277810802459717, "loss_cls": 12.339926227331162, "loss_bbox": 1.2595545399188994, "loss_centerness": 0.6783299052715301, "time": 0.10723252296447754, "epoch": 1, "iter": 350, "memory": 2462, "step": 350}
{"lr": 0.007997995991983954, "data_time": 0.0044392824172973635, "loss": 3.5909259843826296, "loss_cls": 1.8066776478290558, "loss_bbox": 1.1366275012493134, "loss_centerness": 0.6476208662986755, "time": 0.1035059404373169, "epoch": 1, "iter": 400, "memory": 2462, "step": 400}
{"lr": 0.00899899799599197, "data_time": 0.004757099151611328, "loss": 3.0427992057800295, "loss_cls": 1.2809200882911682, "loss_bbox": 1.116050032377243, "loss_centerness": 0.645829108953476, "time": 0.10549977779388428, "epoch": 1, "iter": 450, "memory": 2462, "step": 450}
{"lr": 0.009999999999999976, "data_time": 0.006521959304809571, "loss": 2.915552248954773, "loss_cls": 1.0904969596862792, "loss_bbox": 1.1772917938232421, "loss_centerness": 0.6477634882926941, "time": 0.11590153694152833, "epoch": 1, "iter": 500, "memory": 2462, "step": 500}
{"lr": 0.009999999999999976, "data_time": 0.006445508003234863, "loss": 3.2318218755722046, "loss_cls": 1.4747763550281525, "loss_bbox": 1.1179706037044526, "loss_centerness": 0.6390748977661133, "time": 0.11479638576507568, "epoch": 1, "iter": 550, "memory": 2462, "step": 550}
{"lr": 0.009999999999999976, "data_time": 0.006350207328796387, "loss": 2.748883366584778, "loss_cls": 1.0187040615081786, "loss_bbox": 1.0958907914161682, "loss_centerness": 0.6342884981632233, "time": 0.11419113636016846, "epoch": 1, "iter": 600, "memory": 2462, "step": 600}
{"lr": 0.009999999999999976, "data_time": 0.005973186492919922, "loss": 2.7996598291397095, "loss_cls": 1.0091579627990723, "loss_bbox": 1.1520393681526184, "loss_centerness": 0.638462483882904, "time": 0.11111796379089356, "epoch": 1, "iter": 650, "memory": 2462, "step": 650}
{"lr": 0.009999999999999976, "data_time": 0.005853776931762695, "loss": 2.792369537353516, "loss_cls": 1.057423790693283, "loss_bbox": 1.1027634394168855, "loss_centerness": 0.6321823120117187, "time": 0.11438154220581055, "epoch": 1, "iter": 700, "memory": 2462, "step": 700}
{"lr": 0.009999999999999976, "data_time": 0.004951696395874023, "loss": 2.8416206216812134, "loss_cls": 1.0749963188171388, "loss_bbox": 1.1389072561264038, "loss_centerness": 0.6277170479297638, "time": 0.10483104228973389, "epoch": 1, "iter": 750, "memory": 2462, "step": 750}
{"lr": 0.009999999999999976, "data_time": 0.00500495433807373, "loss": 2.7867975425720215, "loss_cls": 1.0232962381839752, "loss_bbox": 1.113648155927658, "loss_centerness": 0.6498531544208527, "time": 0.11617033958435058, "epoch": 1, "iter": 800, "memory": 2462, "step": 800}
{"lr": 0.009999999999999976, "data_time": 0.005307950973510742, "loss": 2.811891803741455, "loss_cls": 1.0372788727283477, "loss_bbox": 1.1373497772216796, "loss_centerness": 0.6372631537914276, "time": 0.11047229290008545, "epoch": 1, "iter": 850, "memory": 2462, "step": 850}
{"lr": 0.009999999999999976, "data_time": 0.004894156455993653, "loss": 2.7225332498550414, "loss_cls": 0.9869858026504517, "loss_bbox": 1.1007224273681642, "loss_centerness": 0.6348250091075898, "time": 0.11367601871490479, "epoch": 1, "iter": 900, "memory": 2462, "step": 900}
{"lr": 0.009999999999999976, "data_time": 0.0051396751403808595, "loss": 2.7291684579849242, "loss_cls": 1.006851863861084, "loss_bbox": 1.0906139159202575, "loss_centerness": 0.6317026937007904, "time": 0.1171791410446167, "epoch": 1, "iter": 950, "memory": 2462, "step": 950}
{"lr": 0.009999999999999976, "data_time": 0.004832344055175781, "loss": 2.735750827789307, "loss_cls": 1.0134290981292724, "loss_bbox": 1.0959232103824617, "loss_centerness": 0.6263985121250153, "time": 0.10257388591766357, "epoch": 1, "iter": 1000, "memory": 2462, "step": 1000}
{"lr": 0.009999999999999976, "data_time": 0.004902949333190918, "loss": 2.7748768758773803, "loss_cls": 1.0235573387145995, "loss_bbox": 1.124755529165268, "loss_centerness": 0.6265639996528626, "time": 0.09999730587005615, "epoch": 1, "iter": 1050, "memory": 2462, "step": 1050}
{"lr": 0.009999999999999976, "data_time": 0.005196113586425782, "loss": 2.798521738052368, "loss_cls": 1.0251244914531707, "loss_bbox": 1.1345020246505737, "loss_centerness": 0.6388952231407166, "time": 0.12016430377960205, "epoch": 1, "iter": 1100, "memory": 2462, "step": 1100}
{"lr": 0.009999999999999976, "data_time": 0.005869879722595215, "loss": 2.684753918647766, "loss_cls": 1.0024785554409028, "loss_bbox": 1.0562250626087188, "loss_centerness": 0.6260503029823303, "time": 0.1189726209640503, "epoch": 1, "iter": 1150, "memory": 2462, "step": 1150}
{"lr": 0.009999999999999976, "data_time": 0.005731282234191895, "loss": 2.7570583868026732, "loss_cls": 0.9958737850189209, "loss_bbox": 1.1167337572574616, "loss_centerness": 0.6444508635997772, "time": 0.12244369506835938, "epoch": 1, "iter": 1200, "memory": 2462, "step": 1200}
{"lr": 0.009999999999999976, "data_time": 0.005011868476867676, "loss": 2.8043840503692627, "loss_cls": 1.0121225368976594, "loss_bbox": 1.1612622511386872, "loss_centerness": 0.6309992897510529, "time": 0.11779663562774659, "epoch": 1, "iter": 1250, "memory": 2462, "step": 1250}
{"lr": 0.009999999999999976, "data_time": 0.00510584831237793, "loss": 2.761161141395569, "loss_cls": 0.9859395301342011, "loss_bbox": 1.1332576429843904, "loss_centerness": 0.6419639790058136, "time": 0.10668777465820313, "epoch": 1, "iter": 1300, "memory": 2462, "step": 1300}
{"lr": 0.009999999999999976, "data_time": 0.005010228157043457, "loss": 2.7198814964294433, "loss_cls": 0.9983029747009278, "loss_bbox": 1.0905340993404389, "loss_centerness": 0.6310444295406341, "time": 0.10380730152130127, "epoch": 1, "iter": 1350, "memory": 2462, "step": 1350}
{"lr": 0.009999999999999976, "data_time": 0.005116477012634278, "loss": 2.7116062211990357, "loss_cls": 1.0118431127071381, "loss_bbox": 1.0633014476299285, "loss_centerness": 0.6364616680145264, "time": 0.11172022342681885, "epoch": 1, "iter": 1400, "memory": 2462, "step": 1400}
{"lr": 0.009999999999999976, "data_time": 0.00567718505859375, "loss": 2.7772849798202515, "loss_cls": 1.008974838256836, "loss_bbox": 1.1367236280441284, "loss_centerness": 0.6315865063667297,